[
  {
    "id": "dfd2b256-4e8e-47f4-bf0d-eff5080a53af",
    "data": [
      {
        "text": "both",
        "userDefined": false
      }
    ],
    "isTemplate": false,
    "count": 0,
    "lang": "en",
    "updated": 0
  },
  {
    "id": "770813ce-cd3c-4a64-b316-c55d8a0dd68a",
    "data": [
      {
        "text": "Drink",
        "userDefined": false
      }
    ],
    "isTemplate": false,
    "count": 0,
    "lang": "en",
    "updated": 0
  },
  {
    "id": "650e9973-5d59-4c3b-adf4-8b6d82bc0b7a",
    "data": [
      {
        "text": "Dessert",
        "userDefined": false
      }
    ],
    "isTemplate": false,
    "count": 0,
    "lang": "en",
    "updated": 0
  },
  {
    "id": "d6840b29-8908-4aa3-b3fa-689f0fd3a4ae",
    "data": [
      {
        "text": "Dessert and drinks",
        "userDefined": false
      }
    ],
    "isTemplate": false,
    "count": 0,
    "lang": "en",
    "updated": 0
  }
]