[
  {
    "id": "31e36e85-dc00-4ad1-8095-9e10ac9f2084",
    "data": [
      {
        "text": "nuggets",
        "meta": "@sys.any",
        "alias": "any",
        "userDefined": true
      }
    ],
    "isTemplate": false,
    "count": 0,
    "lang": "en",
    "updated": 0
  },
  {
    "id": "80b1d041-4ede-4af7-875e-6027805c98a2",
    "data": [
      {
        "text": "sandwitch",
        "meta": "@sys.any",
        "alias": "any",
        "userDefined": true
      }
    ],
    "isTemplate": false,
    "count": 0,
    "lang": "en",
    "updated": 0
  },
  {
    "id": "e00474df-3f85-4f62-af4a-56b0c8ce1387",
    "data": [
      {
        "text": "burger",
        "meta": "@sys.any",
        "alias": "any",
        "userDefined": true
      }
    ],
    "isTemplate": false,
    "count": 0,
    "lang": "en",
    "updated": 0
  },
  {
    "id": "ee4f5e6d-765c-441a-a629-a7870f36ed89",
    "data": [
      {
        "text": "fries",
        "meta": "@sys.any",
        "alias": "any",
        "userDefined": true
      }
    ],
    "isTemplate": false,
    "count": 0,
    "lang": "en",
    "updated": 0
  },
  {
    "id": "42d7504e-29d6-4a48-bb7c-d0620c81fb1b",
    "data": [
      {
        "text": "pizza",
        "meta": "@sys.any",
        "alias": "any",
        "userDefined": true
      }
    ],
    "isTemplate": false,
    "count": 0,
    "lang": "en",
    "updated": 0
  }
]